"","yy","mm","hhooks","alb_c","alb_n","yft_c","yft_n","bet_c","bet_n","mls_c","mls_n","blm_c","blm_n","bum_c","bum_n","swo_c","swo_n","oth_c","oth_n","total_c_ton","total_c_kg","total_n","cpue_c","cpue_n","alb_idv","yft_idv","bet_idv","mls_idv","blm_idv","bum_idv","swo_idv","oth_idv","Date"
"1",2000,1,614844.89,6740.484,417617,7099.646,267830,7685.888,203100,298.278,7202,184.751,3486,687.58,11352,1494.891,26423,580.129,48357,24771.647,24771647,985367,4028.92622235179,160.26269649895,16.1403486927017,26.5080312138297,37.8428754308223,41.4159955567898,52.9979919678715,60.5690627202255,56.5753699428528,11.9967946729532,"2000-01"
"2",2000,2,585645.19,6765.541,407104,6943.329,272433,7073.532,192737,261.871,6303,168.312,3217,743.376,12699,1461.08,24604,695.114,57835,24112.155,24112155,976932,4117.19508871916,166.81294693123,16.618704311429,25.4863727962471,36.7004363459014,41.5470410915437,52.3195523779919,58.5381526104418,59.383840026012,12.0189158813867,"2000-02"
"3",2000,3,647523.09,7297.718,442876,7158.284,285132,7825.443,209096,300.155,6466,199.418,3982,809.593,14144,1674.246,27983,793.87,63091,26058.727,26058727,1052770,4024.3703124162,162.584163601023,16.478016419946,25.1051583126412,37.4251205188048,46.4205072687906,50.0798593671522,57.2393240950226,59.830825858557,12.5829357594586,"2000-03"
"4",2000,4,568162.61,6103.325,365955,6397.394,236840,5334.656,141792,343.611,7378,171.216,3652,644.119,11346,1674.766,24703,1202.729,65818,21871.816,21871816,857484,3849.569756095,150.922286139174,16.6778019155361,27.0114592129708,37.6231099074701,46.572377338032,46.8828039430449,56.770579940067,67.7960571590495,18.2735573855176,"2000-04"
"5",2000,5,720690.37,5408.656,352995,7425.267,290212,6116.888,167748,304.464,6081,191.646,4116,861.354,14184,1306.964,22624,2114.914,99609,23730.153,23730153,957569,3292.69738958771,132.868294049773,15.3221886995567,25.5856649621656,36.4647447361519,50.0680809077454,46.5612244897959,60.7271573604061,57.7689179632249,21.2321577367507,"2000-05"
"6",2000,6,659685.68,5271.25,332534,8470.812,313040,6930.745,188004,197.337,3951,244.567,4974,768.699,12814,1149.768,20973,2178.911,103581,25212.089,25212089,979871,3821.83360414918,148.536042195125,15.8517625265386,27.0598389982111,36.8648805344567,49.9460895975702,49.1690792119019,59.9889964101764,54.8213417250751,21.0358173796353,"2000-06"
"7",2000,7,648725.24,5204.765,329073,11060.635,367644,7194.993,186073,251.649,4662,325.423,6664,861.07,13948,974.38,19123,1511.726,87582,27384.641,27384641,1014769,4221.30037672035,156.425083753486,15.816444983332,30.0851775086769,38.6675820780016,53.9787644787645,48.8329831932773,61.7342988242042,50.9533023061235,17.2606928364276,"2000-07"
"8",2000,8,625970.43,4154.945,277862,10715.853,350822,7173.843,177205,240.196,4382,294.43,6211,926.549,16058,798.332,16248,984.564,78075,25288.712,25288712,926863,4039.92118285843,148.068176319447,14.9532681690911,30.5449857762626,40.4832990039784,54.814240073026,47.4046047335373,57.700149458214,49.1341703594289,12.6104899135447,"2000-08"
"9",2000,9,600192.2,2524.652,154864,6893.579,245350,6351.574,158310,362.881,7082,282.106,5967,744.395,12455,857.583,17142,822.112,69428,18838.882,18838882,670598,3138.8082017727,111.730542316278,16.3023814443641,28.0969186875892,40.1211167961594,51.239903981926,47.2776939835763,59.766760337214,50.0281764088204,11.8412168001383,"2000-09"
"10",2000,10,631799.19,3625.495,222227,5975.134,231568,5419.022,147334,426.496,8480,221.409,4903,908.5,16477,1050.031,18851,920.611,84348,18546.698,18546698,734188,2935.53684359741,116.205910298809,16.3143767409001,25.8029347750985,36.7805258799734,50.2943396226415,45.157862533143,55.1374643442374,55.7016073417856,10.9144378052829,"2000-10"
"11",2000,11,626883.84,5271.057,301045,5684.411,210770,4695.672,128479,465.948,9024,151.539,3120,676.341,12797,1164.87,19232,866.707,65018,18976.545,18976545,749485,3027.12301532609,119.557237270624,17.5091996213191,26.9697347819898,36.5481674047899,51.6343085106383,48.5701923076923,52.8515277018051,60.5693635607321,13.3302623888769,"2000-11"
"12",2000,12,578356.22,5251.133,300164,4870.631,173157,4290.622,119440,346.221,7285,131.618,2702,561.783,10042,1048.19,16282,617.16,55403,17117.358,17117358,684475,2959.65659364742,118.348342480003,17.4942131634706,28.1284094781037,35.9228231748158,47.5251887439945,48.7113249444856,55.943337980482,64.377226384965,11.1394689818241,"2000-12"
"13",2001,1,745386.25,7203.199,426185,7750.975,279575,7223.438,197485,278.691,7831,109.53,2349,796.71,14975,1316.642,23496,547.564,59291,25226.749,25226749,1011187,3384.38614879199,135.659465143072,16.9015779532363,27.7241348475364,36.5771476314657,35.5881752011237,46.6283524904215,53.2026711185309,56.0368573374191,9.23519589819703,"2001-01"
"14",2001,2,720060.52,7207.106,422375,7085.373,259377,7006.223,184885,201.887,5933,112.654,2339,849.886,15927,1386.862,23312,438.127,49242,24288.118,24288118,963390,3373.06619726909,133.792920628394,17.0632873631252,27.3168900866307,37.8950320469481,34.0278105511546,48.1633176571184,53.3613360959377,59.4913349347975,8.89742496243045,"2001-02"
"15",2001,3,645813.48,6511.811,379663,7542.372,282262,6228.557,156849,256.197,6203,134.072,2817,862.607,16699,1281.868,22825,505.778,44317,23323.262,23323262,911635,3611.45481199928,141.160726468577,17.1515554583934,26.7211739447747,39.710530510236,41.3021118813477,47.5938942137025,51.6562069585005,56.1607009857612,11.4127310061602,"2001-03"
"16",2001,4,638482.93,6564.346,399260,7504.938,284862,5369.914,145496,283.891,6545,133.821,2843,841.832,15919,1007.262,19618,888.011,56079,22594.015,22594015,930622,3538.70306289943,145.755188787898,16.4412813705355,26.3458727383786,36.9076400725793,43.3752482811306,47.0703482237073,52.8822162196118,51.3437659292486,15.8350006241195,"2001-04"
"17",2001,5,803211.03,6786.025,410685,8823.023,324675,6350.577,179179,273.306,6784,153.666,3352,1072.415,19113,945.912,18054,1572.053,60810,25976.977,25976977,1022652,3234.14097039977,127.320462718247,16.5236738619623,27.174938014938,35.442641157725,40.2868514150943,45.8430787589499,56.1091926960707,52.3934862080425,25.8518829139944,"2001-05"
"18",2001,6,832168.33,7214.71,454283,8857.866,342130,5858.214,172076,233.178,5387,153.28,3222,852.732,15498,787.985,14728,1798.565,78399,25756.53,25756530,1085723,3095.11057696704,130.469156402527,15.8815319965748,25.890351620729,34.0443408726377,43.2853165026917,47.5729360645562,55.0220673635308,53.5025122216187,22.9411727190398,"2001-06"
"19",2001,7,1512939.05,6886.91,428119,7866.396,279896,5435.471,163162,310.6,6469,174.004,3514,892.057,16772,826.189,15032,1264.354,62266,23655.981,23655981,975230,1563.57792470225,64.4593052178804,16.0864385836648,28.1047103209764,33.3133388901828,48.0136033390014,49.517359134889,53.1872764130694,54.9620143693454,20.3056884977355,"2001-07"
"20",2001,8,644501.07,6862.707,426205,7775.684,282104,6060.131,176447,334.676,7519,169.072,3318,786.996,14974,764.257,14460,982.152,69507,23735.675,23735675,994534,3682.79838542394,154.310682525322,16.1018922818831,27.5631823724584,34.3453331595323,44.5107062109323,50.955997588909,52.5574996660879,52.8531811894882,14.1302602615564,"2001-08"
"21",2001,9,674468.47,4699.021,298380,6576.983,235349,6308.046,177775,451.348,10119,194.733,4125,869.219,16389,923.959,17400,935.123,65328,20958.432,20958432,824865,3107.39981662894,122.298526423333,15.7484449359877,27.9456594249391,35.4833131767684,44.6040122541753,47.208,53.0367319543596,53.101091954023,14.3142756551555,"2001-09"
"22",2001,10,819822.63,4180.552,255130,6874.114,266540,6214.654,192462,579.315,13519,180.099,3854,1008.639,19539,995.641,17182,751.479,59496,20784.493,20784493,827722,2535.2426536457,100.963546224627,16.385967937914,25.7901778344714,32.2902910704451,42.8519121236778,46.7304099636741,51.6218332565638,57.9467465952741,12.630748285599,"2001-10"
"23",2001,11,653774.93,5578.168,328785,5719.195,201697,5770.936,180096,432.474,9494,147.896,3067,709.586,13370,1028.941,17205,663.586,50690,20050.782,20050782,804404,3066.92427010011,123.039896925996,16.9660051401372,28.3553796040596,32.0436656005686,45.5523488519065,48.2217150309749,53.0729992520568,59.804766056379,13.0910633260998,"2001-11"
"24",2001,12,619597.69,6670.169,390215,5368.124,190883,5140.654,157756,370.99,8953,133.675,2649,570.664,10529,1031.296,17420,632.672,55978,19918.244,19918244,834383,3214.70598123114,134.66528579214,17.0935740553285,28.1225881822897,32.5861076599305,41.4375069809003,50.4624386560966,54.1992591889068,59.2018369690011,11.302154417807,"2001-12"
"25",2002,1,717867.24,6491.698,425469,5129.707,185887,5723.285,164557,218.07,5670,102.15,2273,699.803,12807,1237.282,20717,530.77,52414,20132.765,20132765,869794,2804.52483108158,121.163629085512,15.2577461577694,27.5958351041224,34.7799546661643,38.4603174603175,44.9406071271447,54.6422269071601,59.7230293961481,10.1264929217385,"2002-01"
"26",2002,2,611701.05,8043.431,509606,5581.827,205902,5419.95,184338,186.93,4754,98.01,2132,675.017,12636,1484.038,24504,515.225,48370,22004.428,22004428,992242,3597.2519582891,162.210282293941,15.7836269588663,27.1091441559577,29.4022393646454,39.3205721497686,45.9709193245779,53.4201487812599,60.5630917401241,10.6517469505892,"2002-02"
"27",2002,3,731539.56,6493.528,415614,6947.126,250881,6640.177,183230,308.209,6330,114.438,2512,761.968,13353,1429.717,23265,593.569,61746,23288.732,23288732,956931,3183.52325334258,130.810560675625,15.6239395208054,27.6909211937134,36.2395732139933,48.690205371248,45.5565286624204,57.063431438628,61.4535568450462,9.61307615068183,"2002-03"
"28",2002,4,681107.9,8097.486,555379,6700.109,248024,7400.775,219005,295.388,6292,111.285,2330,930.354,16154,1272.822,21464,864.839,59031,25673.058,25673058,1127679,3769.30850457027,165.565397200649,14.5801083584363,27.0139542947457,33.7927216273601,46.9465988556898,47.7618025751073,57.5927943543395,59.3003168095416,14.6505903677729,"2002-04"
"29",2002,5,878459.98,9367.845,609742,8063.077,282526,8261.81,232184,473.794,9876,138.679,2762,1199.132,20263,1549.326,23730,1150.675,74690,30204.338,30204338,1255773,3438.32828901323,142.951645901957,15.3636210069177,28.5392388665114,35.5830289770182,47.9742810854597,50.2096307023896,59.1784039875635,65.2897597977244,15.4060115142589,"2002-05"
"30",2002,6,1150710.8,10257.187,686050,9000.888,340911,7782.602,233503,264.818,5179,119.246,2718,962.66,16814,988.64,16451,828.622,73720,30204.663,30204663,1375346,2624.87003685027,119.521429711097,14.9510779097733,26.4024569462411,33.3297730650142,51.1330372658814,43.8727005150846,57.2534792434876,60.0960427937511,11.2401247965274,"2002-06"
"31",2002,7,856578.92,9078.221,652028,8847.722,362049,9276.718,266142,315.086,5989,162.24,3911,857.704,15819,1121.25,19351,953.34,73855,30612.281,30612281,1399144,3573.78407117467,163.34093302226,13.9230539179299,24.4379131001605,34.8562722155842,52.61078644181,41.4829966760419,54.2198621910361,57.9427419771588,12.9082661972785,"2002-07"
"32",2002,8,949088.03,7250.408,505652,8196.876,290179,8840.744,248573,277.71,5696,176.376,4728,995.957,19403,1061.233,19653,1022.049,88325,27821.353,27821353,1182209,2931.37750351777,124.562628821691,14.3387309849462,28.247654034234,35.5659866518085,48.7552668539326,37.3045685279188,51.3300520538061,53.9985243983107,11.5714576846872,"2002-08"
"33",2002,9,813337.83,4052.17,277844,7924.974,322522,8752.785,246270,317.24,6556,149.614,3421,764.788,15262,1077.039,20182,1221.413,84419,24260.023,24260023,976476,2982.77322229067,120.057860827646,14.5843350945135,24.5718865689782,35.5414179559021,48.3892617449664,43.7339959076293,50.1106014939064,53.366316519671,14.4684608915055,"2002-09"
"34",2002,10,792492.18,4514.504,296854,8007.225,282564,8376.843,237679,323.38,7029,134.426,3354,804.626,16211,1173.89,20959,817.279,74389,24152.173,24152173,939039,3047.62288001378,118.491894771757,15.2078260693809,28.3377394147874,35.2443547810282,46.0065443164035,40.0793082886106,49.6345691197335,56.0088744692018,10.9865571522671,"2002-10"
"35",2002,11,851315.33,5284.617,347426,7404.871,260989,8711.048,251443,320.555,6829,109.24,2790,901.661,19082,1242.441,22560,882.892,89181,24857.325,24857325,1000300,2919.87282785099,117.500527096111,15.2107700632653,28.3723490262042,34.6442255302395,46.9402547957241,39.1541218637993,47.2519127974007,55.0727393617021,9.90000112131508,"2002-11"
"36",2002,12,705067.07,5512.696,367426,7422.504,251686,7246.522,215454,232.634,5633,112.959,2668,863.791,17870,1289.78,20017,741.618,78690,23422.504,23422504,959444,3322.02495288852,136.07840173276,15.003554457224,29.4911278338883,33.6337315621896,41.2984200248535,42.3384557721139,48.3374930050364,64.4342309037318,9.42455203964925,"2002-12"
"37",2003,1,725566.18,7435.193,492212,8888.701,326784,8657.451,266113,347.001,9349,79.772,1976,1307.463,25376,1317.083,22365,863.572,102350,28896.236,28896236,1246525,3982.57757824379,171.800317374219,15.1056719462345,27.2005391940854,32.5329878660569,37.1163760830035,40.3704453441296,51.5236049810845,58.8903644086743,8.43744015632633,"2003-01"
"38",2003,2,729118.61,6846.398,425892,7874.888,320095,7806.275,236754,416.92,10103,98.21,2318,1354.857,26255,1441.731,23592,767.836,94694,26607.115,26607115,1139703,3649.2162777192,156.312427685805,16.0754322692138,24.6017213639701,32.9720933965213,41.2669504107691,42.3684210526316,51.6037707103409,61.111012207528,8.1086024457727,"2003-02"
"39",2003,3,764785.19,6563.503,421422,7924.971,339515,7527.246,225750,368.478,10218,110.227,2633,1290.62,25384,1318.727,22707,1001.343,101444,26105.115,26105115,1149073,3413.39180482823,150.247810107306,15.5746567573596,23.3420349616365,33.3432823920266,36.0616559013506,41.8636536270414,50.8438386385125,58.0757916061127,9.8708942865029,"2003-03"
"40",2003,4,688389.41,5873.694,380767,7477.251,304077,6330.07,192258,354.692,8424,116.769,2700,1248.124,23496,1161.028,19868,1089.737,75613,23651.365,23651365,1007203,3435.75375455006,146.312971316627,15.4259534045755,24.5899920086031,32.9248717868697,42.1049382716049,43.2477777777778,53.1207013959823,58.4370847594121,14.4120323224842,"2003-04"
"41",2003,5,958051.86,7339.274,489564,9244.519,379058,6762.34,212749,352.007,7579,111.452,2507,1567.481,28734,974.979,17549,1587.563,112421,27939.615,27939615,1250161,2916.29463565782,130.489908970063,14.991449534688,24.3881384906795,31.7855313068452,46.4450455205172,44.4563222975668,54.5514373216399,55.5575246452789,14.1215876037395,"2003-05"
"42",2003,6,837440.23,7188.883,484530,9275.801,376809,5412.382,174847,411.524,7951,126.694,2635,1411.231,25468,957.86,16122,1173.792,104546,25958.167,25958167,1192908,3099.70384393881,142.44694215371,14.8368171217468,24.6167182843297,30.9549606227159,51.7575147780153,48.0812144212524,55.4119286948327,59.4132241657363,11.227517073824,"2003-06"
"43",2003,7,974762.61,7133.425,508069,8096.676,318385,7437.18,215760,377.288,6842,112.063,2297,1327.388,23328,1043.049,19234,1102.56,95130,26629.629,26629629,1189045,2731.90915683563,121.98303338697,14.0402681525541,25.4304568368485,34.4696885428254,55.1429406606255,48.7866782760122,56.9010631001372,54.2294374545076,11.5900346893724,"2003-07"
"44",2003,8,869766.37,6875.029,491684,6965.455,262054,6878.573,195314,481.478,8878,123.616,2432,1093.731,19132,1050.716,19693,1020.761,91925,24489.359,24489359,1091112,2815.62495914851,125.448860479625,13.9826168840149,26.5802277393209,35.2180232855812,54.2327100698355,50.8289473684211,57.1676249215973,53.3547961204489,11.1042806635844,"2003-08"
"45",2003,9,766559.3,4037.252,265377,6178.208,238273,6226.952,177037,420.974,8471,90.962,2017,869.505,14564,867.763,16765,810.673,84044,19502.289,19502289,806548,2544.13311533759,105.216647948828,15.2132701778979,25.9291149227986,35.1731671910392,49.6959036713493,45.0976698066435,59.7023482559736,51.7603936773039,9.64581647708343,"2003-09"
"46",2003,10,798756.89,4369.127,276777,6126.988,267960,6004.615,183896,423.668,9681,86.276,1950,870.639,14454,1049.889,20970,707.457,74643,19638.659,19638659,850331,2458.65284492256,106.456796885971,15.7857300281454,22.8653082549634,32.6522327837473,43.762834417932,44.2441025641026,60.2351598173516,50.0662374821173,9.47787468349343,"2003-10"
"47",2003,11,791857.57,6044.092,400334,5773.071,217163,6893.838,212182,428.44,10658,95.791,2061,790.858,14353,1051.219,20237,817.989,79598,21895.298,21895298,956586,2765.05508433796,120.802785278671,15.0976234843905,26.5840451642315,32.4902112337522,40.1989116156877,46.4779233381853,55.1005364732112,51.9453970450166,10.2765019221588,"2003-11"
"48",2003,12,728718.54,6706.919,445033,5062.058,183006,5899.631,181428,336.983,10036,102.745,2291,725.913,13018,1120.789,18183,749.578,71085,20704.616,20704616,924080,2841.23634345848,126.808904848229,15.0706104940533,27.6606122203644,32.5177535992239,33.5774212833798,44.8472282845919,55.7622522660931,61.6393884397514,10.5448125483576,"2003-12"
"49",2004,1,897384.94,7447.818,485701,6111.67,210841,6418.916,205231,446.931,11606,158.402,3029,1818.74,30257,2059.341,32961,598.572,59249,25060.39,25060390,1038875,2792.60202427734,115.766930521477,15.3341623756179,28.9871040262568,31.2765420428688,38.5086162329829,52.2951469131727,60.1097266748191,62.4781104942204,10.1026515215447,"2004-01"
"50",2004,2,759361.79,6127.793,390752,6114.207,218009,6780.224,210163,356.903,8694,158.127,3001,1542.612,25115,1695.813,27584,477.85,51057,23253.529,23253529,934375,3062.24638982691,123.047408008243,15.6820515314061,28.0456632524345,32.2617396972826,41.0516448125144,52.6914361879374,61.4219390802309,61.4781395011601,9.35914761932742,"2004-02"
"51",2004,3,772304.53,4583.987,295023,6865.506,252797,7276.045,221243,406.608,9136,124.197,2620,1739.429,28579,1812.535,31949,668.022,72370,23476.329,23476329,913717,3039.77616187231,118.310454556054,15.5377275670032,27.1581783011665,32.8871195924843,44.5061295971979,47.4034351145038,60.8638860701914,56.7321355910983,9.23064805858781,"2004-03"
"52",2004,4,766435.35,5821.648,420144,6695.553,248771,6421.256,191657,364.795,8025,128.238,2703,1887.381,31329,1757.439,32470,1246.151,96641,24322.461,24322461,1031740,3173.45239882268,134.615398415535,13.8563159297765,26.9145237989959,33.5038949790511,45.4573208722741,47.4428412874584,60.243895432347,54.1250076994148,12.8946409908838,"2004-04"
"53",2004,5,906323.95,6175.701,484697,6776.021,249473,8012.674,315837,385.192,7764,121.959,2545,1791.677,30004,1527.407,29995,2882.372,122915,27673.003,27673003,1243230,3053.32359362235,137.172806698973,12.7413641924749,27.1613401049412,25.3696495344117,49.6125708397733,47.921021611002,59.7146047193707,50.9220536756126,23.4501240694789,"2004-05"
"54",2004,6,903062.5,8015.728,571110,9097.339,357990,8684.317,279495,255.342,5478,111.986,2385,1569.766,26577,1456.079,26904,2177.77,131369,31368.327,31368327,1401308,3473.54994809329,155.172870094816,14.0353487069041,25.4122712924942,31.0714574500438,46.6122672508215,46.9542976939203,59.0648304925311,54.1212830805828,16.5775030638887,"2004-06"
"55",2004,7,949773.6,9260.119,646888,12367.845,510387,8781.527,292924,265.787,5524,169.737,3446,1789.039,29979,1332.084,25233,1361.663,131436,35327.801,35327801,1645817,3719.60233470377,173.285191334019,14.3148721262413,24.2322884399485,29.9788579972962,48.1149529326575,49.2562391178178,59.676406818106,52.7913446676971,10.3598937886119,"2004-07"
"56",2004,8,955726.9,8904.406,645023,11904.836,467857,9423.041,318793,345.391,7404,145.687,2966,1805.774,31800,1333.07,25002,1113.088,138621,34975.293,34975293,1637466,3659.54887321891,171.331998712184,13.8047883563842,25.4454587619721,29.5584940698196,46.64924365208,49.1190155091032,56.7853459119497,53.3185345172386,8.02972132649454,"2004-08"
"57",2004,9,849605.4,4612.944,321023,10041.978,384684,8961.659,298198,350.537,7367,120.874,2594,1806.866,32838,1434.253,26288,1037.088,96623,28366.199,28366199,1169615,3338.74984787055,137.665673970528,14.369512464839,26.1044857597405,30.0527132978759,47.5820551106285,46.597532767926,55.0236311590231,54.5592285453439,10.7333450627697,"2004-09"
"58",2004,10,897624.94,4507.851,281876,8858.392,321500,9134.609,296466,389.419,8682,371.565,6065,1803.667,33567,1517.764,29892,757.468,78016,27340.735,27340735,1056064,3045.89743239532,117.650919993377,15.9923193177142,27.5533188180404,30.8116579978817,44.8536051601014,61.2638087386645,53.7333392915661,50.7749230563361,9.70913658736669,"2004-10"
"59",2004,11,878112.26,7174.637,452860,7636.677,272125,8600.172,276530,471.048,10028,380.428,7650,1828.822,33208,1759.881,33283,947.526,95805,28799.191,28799191,1181489,3279.67075644747,134.548742093636,15.8429470476527,28.0631217271475,31.100321845731,46.9732748304747,49.7291503267974,55.0717297036859,52.8762731724905,9.89015187098794,"2004-11"
"60",2004,12,780856.48,7600.617,495561,7274.126,253026,7828.451,246680,277.219,6249,134.117,2925,1683.531,29951,1703.196,28608,797.128,75481,27298.385,27298385,1138481,3495.95421171378,145.799007776692,15.3373994321587,28.7485317714385,31.7352480946976,44.3621379420707,45.8519658119658,56.2095088644787,59.5356543624161,10.5606444005776,"2004-12"
"61",2005,1,768077.15,5939.709,380472,6834.945,233482,8792.038,254857,302.498,7107,158.86,3010,2321.191,41513,1696.402,28560,844.966,77746,26890.609,26890609,1026747,3501.02968171882,133.67758694553,15.6114221283038,29.2739697278591,34.4979262880753,42.5633882088082,52.7774086378738,55.9147977741912,59.3978291316527,10.8682890438093,"2005-01"
"62",2005,2,671848.66,6224.744,390338,5699.236,197846,7525.252,212884,316.219,7785,143.902,2632,1717.76,29447,1761.375,29288,673.599,68027,24062.087,24062087,938247,3581.4742861882,139.65153997628,15.9470612648525,28.8064251993975,35.3490727344469,40.6190109184329,54.6740121580547,58.3339559208069,60.1398183556405,9.90193599600159,"2005-02"
"63",2005,3,630387.38,5371.847,343980,5819.763,193629,6166.669,164455,289.502,6453,99.188,1935,1776.885,30301,2008.618,35583,671.608,55879,22204.08,22204080,832215,3522.29132505794,132.016443603297,15.6167422524565,30.0562570689308,37.4976072481834,44.8631644196498,51.2599483204134,58.6411339559751,56.4488098249164,12.0189695592262,"2005-03"
"64",2005,4,606129.28,6218.008,423092,6084.8,207405,5812.432,152903,299.083,6062,102.036,1966,1602.603,27679,1587.438,30601,1080.859,61974,22787.259,22787259,911682,3759.471741738,150.410486686933,14.6965860852959,29.3377690991056,38.0138519191906,49.3373474100957,51.9003051881994,57.8995989739514,51.8753635502108,17.4405234453158,"2005-04"
"65",2005,5,698156.66,9068.418,672066,7079.995,254730,5720.863,156093,311.211,6620,93.832,1741,1532.994,26821,1184.31,22002,2312.149,90950,27303.772,27303772,1231023,3910.8374329624,176.324752097903,13.4933444036746,27.7941153378087,36.6503494711486,47.0107250755287,53.8954623779437,57.1564818612281,53.8273793291519,25.4221990104453,"2005-05"
"66",2005,6,669311.07,9660.299,716941,8727.157,325086,4911.218,141070,231.101,4852,90.002,1876,1604.712,27180,970.779,18671,1810.753,106209,28006.021,28006021,1341885,4184.30566223864,200.487495298711,13.4743291288962,26.8456869874433,34.8140497625292,47.6300494641385,47.9754797441365,59.0401766004415,51.9939478335386,17.0489600692973,"2005-06"
"67",2005,7,736104.63,9015.166,696732,10241.8,384749,6547.038,188103,221.46,4471,85.767,1693,2127.767,36763,1133.434,22506,1277.459,104090,30649.891,30649891,1439107,4163.79543761326,195.50304961402,12.9392162266122,26.6194324091811,34.8056011865839,49.5325430552449,50.6597755463674,57.8779479367843,50.3614147338488,12.2726390623499,"2005-07"
"68",2005,8,755938.37,7655.366,600712,7787.285,283540,6744.119,176934,259.118,4965,72.22,1476,2065.472,34594,1080.016,20806,1157.529,95240,26821.125,26821125,1218267,3548.05709888757,161.159566486882,12.7438206661428,27.4645023629823,38.1165801937446,52.1889224572004,48.929539295393,59.7060761981846,51.9088724406421,12.1538114237715,"2005-08"
"69",2005,9,721275.56,4993.198,371103,5633.412,439850,6666.258,172992,213.33,4188,109.96,1921,1743.02,30222,1005.996,19928,1029.636,84119,21394.81,21394810,1124323,2966.24635389004,155.879813812075,13.4550192264681,12.8075753097647,38.5350652053274,50.9383954154728,57.2410203019261,57.6738799549997,50.4815335206744,12.2402311011781,"2005-09"
"70",2005,10,721417.63,4836.913,301102,5500.772,194446,7588.708,197497,281.843,6026,263.833,4310,1717.362,29029,1238.827,25266,868.784,77399,22297.042,22297042,835075,3090.72596409932,115.754725872169,16.0640347789121,28.2894582557625,38.4244216367844,46.7711583139728,61.2141531322506,59.1602190912536,49.0313860524024,11.224744505743,"2005-10"
"71",2005,11,733312.84,6681.425,434763,5679.662,204941,7625.813,198845,335.519,7013,268.207,3922,1452.305,24373,1386.053,26097,982.601,92181,24411.585,24411585,992135,3328.94552889596,135.294917241596,15.3679705954739,27.713644414734,38.3505393648319,47.8424354769713,68.3852626211117,59.5866327493538,53.1115837069395,10.6594742951367,"2005-11"
"72",2005,12,681104.56,6140.051,407049,6127.591,223297,6674.175,171080,305.176,6056,74.906,1485,1467.3,23985,1567.918,27716,947.388,86286,23304.505,23304505,946954,3421.5752424268,139.03210396947,15.0843043466511,27.4414389803714,39.012011924246,50.3923381770145,50.4417508417508,61.1757348342714,56.5708615961899,10.9796258952785,"2005-12"
"73",2006,1,708913.25,5969.176,402330,6878.179,261726,5996.163,171663,189.955,4330,92.333,1962,1146.16,18947,1912.263,31423,807.121,64922,22991.35,22991350,957303,3243.18243452214,135.038102334806,14.8365172868044,26.2800753459725,34.9298509288548,43.8695150115473,47.0606523955148,60.4929540296617,60.8555198421538,12.432164751548,"2006-01"
"74",2006,2,593309.24,5512.581,384225,6211.647,224065,5522.26,160876,158.541,3687,111.655,2168,1015.098,16577,1482.782,22746,671.835,52963,20686.399,20686399,867307,3486.61332157915,146.181273023828,14.3472730821784,27.7225224823154,34.3261891145976,43,51.5013837638376,61.2353260541714,65.1886925173657,12.6849876328758,"2006-02"
"75",2006,3,709766.76,6251.553,438960,7266.402,260223,6759.785,199488,302.748,5724,101.632,2295,1056.479,16917,1517.06,27012,745.757,54294,24001.416,24001416,1004913,3381.59200354776,141.583553447896,14.2417372881356,27.9237500144107,33.8856723211421,52.8909853249476,44.2840958605664,62.4507300348762,56.162446320154,13.7355324713596,"2006-03"
"76",2006,4,784057.81,6522.678,477199,6980.759,256175,6752.413,196835,207.99,4260,96.722,2138,1166.495,18880,1468.889,30529,1049.371,60378,24245.317,24245317,1046394,3092.28690675245,133.458781566119,13.6686749134009,27.24996194008,34.3049406863617,48.8239436619718,45.2394761459308,61.7846927966102,48.114546824331,17.3800225247607,"2006-04"
"77",2006,5,795421.33,8168.539,575623,7473.707,259538,7328.304,215854,265.156,5421,106.574,2292,1054.738,17130,1029.803,20135,1808.216,88068,27235.037,27235037,1184061,3423.97619636376,148.85959872361,14.1907793816439,28.7961955474728,33.9502812085947,48.9127467256964,46.4982547993019,61.5725627553999,51.1449217779985,20.5320434209929,"2006-05"
"78",2006,6,736294.71,8877.553,624329,8473.302,288189,7236.546,202183,245.465,4898,96.381,1949,1141.651,18145,1132.745,22287,1971.965,127318,29175.608,29175608,1289298,3962.49050872578,175.106242444686,14.2193506949061,29.4018925080416,35.792059668716,50.11535320539,49.4515135967163,62.9182143841279,50.8253690492215,15.4885012331328,"2006-06"
"79",2006,7,705848.21,8760.556,612173,8254.791,278085,6984.25,186407,283.392,5731,91.989,1887,1327.039,20637,1080.079,20967,1669.772,160869,28451.868,28451868,1286756,4030.87627012612,182.299250996188,14.3105886734632,29.6844166352015,37.4677453099937,49.4489617867737,48.7488076311606,64.3038716867762,51.5132827776983,10.3797002530009,"2006-07"
"80",2006,8,729402.1,7455.045,532721,6793.967,229717,7795.255,208004,279.994,5377,98.303,1993,1379.279,21324,1130.317,21426,1736.146,170942,26668.306,26668306,1191504,3656.18717028646,163.35351927284,13.9942765537683,29.5753775297431,37.4764667987154,52.0725311511996,49.3241344706473,64.6820015006565,52.7544572015308,10.1563454271039,"2006-08"
"81",2006,9,696319.8,5001.908,339634,5655.706,184777,7949.154,211605,275.585,5842,87.739,1767,1359.877,20254,1425.355,29675,1334.148,125878,23089.472,23089472,919432,3315.92926123887,132.041627999089,14.7273476742611,30.6082791689442,37.5660026936982,47.1730571722013,49.6542161856254,67.1411573022613,48.0321819713564,10.5987384610496,"2006-09"
"82",2006,10,747847.15,5381.202,346803,4828.319,162821,8026.837,227405,367.359,8952,101.935,2065,1219.809,19033,1838.426,32195,877.978,81977,22641.865,22641865,881251,3027.60597536542,117.83838448806,15.5165958771983,29.6541539482008,35.2975396319342,41.036528150134,49.363196125908,64.0891609310145,57.1028420562199,10.7100528196933,"2006-10"
"83",2006,11,719896.67,7172.201,527581,4834.143,157468,8172.869,230549,347.782,7886,95.024,2077,1037.27,16657,1899.479,29059,1059.646,110898,24618.414,24618414,1082175,3419.71494325706,150.323656865922,13.5945020764584,30.6992087281225,35.4495963981626,44.1011919857976,45.7506018295619,62.2723179444078,65.3662892735469,9.55514075997764,"2006-11"
"84",2006,12,738377.09,7536.927,570064,5110.182,164150,7323.397,204624,206.244,5093,89.647,1987,965.134,15535,1936.886,29428,1008.614,106305,24177.031,24177031,1097186,3274.34739341655,148.594263670884,13.2211944623762,31.1311727078891,35.789531042302,40.4955821716081,45.1167589330649,62.1264242034117,65.8177925784967,9.48792624994121,"2006-12"
"85",2007,1,838413.42,8249.598,551513,5486.743,182785,7134.752,204019,190.145,5088,114.375,2615,1211.239,25134,2350.354,40012,953.169,95022,25690.375,25690375,1106188,3064.16552826647,131.938250702142,14.9581206608004,30.0174686106628,34.9710174052417,37.3712657232704,43.7380497131931,48.191254873876,58.7412276317105,10.0310349182295,"2007-01"
"86",2007,2,728042.06,5586.838,359768,4880.335,172072,5933.028,166099,141.403,3471,98.866,2084,1087.279,19736,2059.707,35723,553.274,49622,20340.73,20340730,808575,2793.8949021709,111.06157795334,15.5290020235263,28.3621681621647,35.7198297400948,40.7384039181792,47.4404990403071,55.0911532225375,57.6577275144865,11.1497722784249,"2007-02"
"87",2007,3,787956.11,7833.335,508458,5950.21,216701,6860.704,189640,207.207,5091,124.199,2540,1705.572,32492,2470.222,41175,789.01,83505,25940.459,25940459,1079602,3292.11978570735,137.012961292984,15.4060610709242,27.4581566305647,36.1775152921325,40.7006482027107,48.8972440944882,52.4920595838976,59.9932483302975,9.44865576911562,"2007-03"
"88",2007,4,720895.6,7071.637,448939,6796.609,236688,6525.754,173700,170.179,3925,93.837,1981,1342.976,24456,1695.803,30240,1045.532,89190,24742.327,24742327,1009119,3432.16507355573,139.981295488556,15.7518883411778,28.7154777597512,37.5691076568797,43.3577070063694,47.3685007571933,54.9139679424272,56.0781415343915,11.7225249467429,"2007-04"
"89",2007,5,830956.41,6222.013,391503,7847.743,283232,6045.431,160293,282.532,5729,108.626,2164,1878.618,32251,1496.701,27040,2273.64,82973,26155.304,26155304,985185,3147.61444586486,118.560370693813,15.8926317295142,27.7078260930968,37.7148783789685,49.3161110141386,50.1968576709797,58.2499147313262,55.3513683431953,27.4021669699782,"2007-05"
"90",2007,6,848416.31,6444.067,435481,8265.503,302248,5582.496,152509,197.962,3937,89.497,1881,1932.528,32298,1461.26,28977,1583.505,114532,25556.818,25556818,1071863,3012.29687581089,126.336915894509,14.7975847396327,27.3467582912046,36.6043708895868,50.2824485648971,47.5794790005316,59.8342931450864,50.4282706974497,13.8258739915482,"2007-06"
"91",2007,7,841385.58,7524.28,512030,8437.569,309519,5962.389,163191,202.6,3532,86.437,1834,1848.633,33541,1275.497,24879,1641.703,152774,26979.108,26979108,1201300,3206.509434117,142.77639509819,14.694998339941,27.2602618902232,36.5362611908745,57.361268403171,47.1303162486369,55.1156196893354,51.2680172032638,10.7459580818726,"2007-07"
"92",2007,8,877048.35,6944.893,463569,7967.451,285200,7419.062,198488,205.198,3692,89.51,1862,1799.102,35985,1252.513,22767,1738.761,172408,27416.49,27416490,1183971,3125.9952772273,134.994952102698,14.9813576835379,27.9363639551192,37.3778868243924,55.5790899241603,48.0719656283566,49.9958871752119,55.0144068168841,10.0851526611294,"2007-08"
"93",2007,9,915364.82,6115.077,394635,7342.382,256485,7846.353,202285,259.132,5003,99.001,2255,1839.261,36054,1598.386,29053,1495.956,113743,26595.548,26595548,1039513,2905.45883115761,113.562699514714,15.4955262457714,28.6269450455192,38.7886051857528,51.7953228063162,43.9028824833703,51.0140622399734,55.0162117509379,13.1520708966706,"2007-09"
"94",2007,10,881109.1,4885.123,314967,6549.849,225138,7659.102,211698,307.134,6444,241.681,6167,1411.106,25035,1718.218,29483,1004.932,81937,23777.145,23777145,900869,2698.54720601569,102.242616720222,15.5099518362241,29.0925965407883,36.1793781707905,47.6620111731844,39.1893951678288,56.3653285400439,58.2782620493166,12.2646911651635,"2007-10"
"95",2007,11,740686.29,5882.544,403350,5367.811,189650,6910.235,187199,367.227,7878,246.065,6420,993.03,18062,1675.265,28458,753.887,74848,22196.064,22196064,915865,2996.68892210763,123.650864389565,14.5842171811082,28.3037753756921,36.9138456936202,46.6142421934501,38.3278816199377,54.9789613553316,58.8679808841099,10.0722397392048,"2007-11"
"96",2007,12,785930.59,7372.552,499049,5288.068,175240,6790.632,185695,239.064,5084,99.173,2328,1169.299,24336,2084.691,38271,711.34,71963,23754.819,23754819,1001966,3022.50851439693,127.487848513442,14.7732026314049,30.1761469984022,36.5687390613641,47.0228166797797,42.6000859106529,48.0481180144642,54.4718193932743,9.88480191209372,"2007-12"
"97",2008,1,733203.57,7965.103,468049,5600.086,183709,7024.245,193315,203.284,4517,89.459,2055,1028.119,20270,1981.865,31033,736.419,75375,24628.58,24628580,978323,3359.03710888915,133.431292485387,17.0176690902021,30.4834602550773,36.3357473553527,45.004206331636,43.5323600973236,50.7212136161815,63.8631456836271,9.77006965174129,"2008-01"
"98",2008,2,701826.75,8003.669,493774,5615.746,197066,6130.822,170350,214.83,5210,93.74,2223,993.939,19657,1789.872,27572,879.567,85956,23722.185,23722185,1001808,3380.06281464763,142.742920528464,16.2091746426503,28.4967777292887,35.9895626651013,41.2341650671785,42.1682411156095,50.5641247392786,64.9162918903235,10.2327586206897,"2008-02"
"99",2008,3,827793.57,7507.581,464392,6209.683,224555,6621.342,175426,298.804,6147,97.204,2234,1161.163,23033,1993.706,30774,809.282,74613,24698.765,24698765,1001174,2983.68650048828,120.944887262171,16.1664735826629,27.6532831600276,37.7443594450082,48.6097283227591,43.5111906893465,50.4130161073243,64.7854032624943,10.8463940600164,"2008-03"
"100",2008,4,866252.8,7008.166,407554,7063.948,258184,5890.059,154616,252.661,4899,109.02,2268,1257.574,24066,1693.249,26367,914.802,70596,24189.479,24189479,948550,2792.42722216886,109.500367560139,17.1956746836002,27.3601307594584,38.0947573342992,51.5739946927945,48.0687830687831,52.2552148258955,64.2184928129859,12.9582695903451,"2008-04"
"101",2008,5,912861.37,8424.625,478566,8593.392,311038,6489.684,164254,329.109,7005,123.886,2529,1497.036,27219,1291.014,20846,1567.496,83453,28316.242,28316242,1094910,3101.92137936563,119.942637073141,17.6038937158093,27.6281097486481,39.510051505595,46.9820128479657,48.986160537762,54.9996693486168,61.9310179410918,18.7829796412352,"2008-05"
"102",2008,6,829254.64,7145.645,429729,8839.66,333802,5343.178,144071,251.882,5774,128.757,2744,1556.848,30061,1041.359,19657,1370.622,88154,25677.951,25677951,1053992,3096.5097765386,127.101127827274,16.6282587398104,26.4817466641901,37.0871167688154,43.6234845860755,46.9231049562682,51.7896277568943,52.976496922216,15.5480409283753,"2008-06"
"103",2008,7,870259.23,7208.454,454749,9388.028,348730,5640.65,154658,218.135,4013,161.974,3385,1861.678,36378,1439.427,29636,1245.52,95690,27163.866,27163866,1127239,3121.35339259774,129.529105942375,15.851500498077,26.9206205373785,36.4717635039895,54.3570894592574,47.8505169867061,51.1759305074496,48.5702186529896,13.0161981398265,"2008-07"
"104",2008,8,834824.11,6169.356,402407,7382.599,259679,6044.708,149856,265.885,5278,145.833,3142,1453.895,28360,1236.174,24105,1099.53,94139,23797.98,23797980,966966,2850.65796674224,115.828710313601,15.3311348957647,28.4297112974095,40.3367766389067,50.3760894278136,46.4140674729472,51.2656911142454,51.282887367766,11.6798563825832,"2008-08"
"105",2008,9,803064.93,4982.86,313494,5705.045,196725,7140.529,164554,214.106,4435,127.248,2743,1290.381,24068,1238.279,23594,791.691,70092,21490.139,21490139,799705,2676.01512619907,99.5816116637045,15.8945944738974,29.0001016647605,43.3932265396162,48.2764374295378,46.3900838497995,53.6139687551936,52.4827922353141,11.295026536552,"2008-09"
"106",2008,10,930486.72,4399.923,269875,5362.342,183512,7747.857,195728,364.167,7604,154.697,3219,1106.4,20002,1574.386,31154,635.874,60082,21345.646,21345646,771176,2294.03016090332,82.8787755294347,16.3035590551181,29.2206613191508,39.5848166843783,47.8915044713309,48.0574712643678,55.3144685531447,50.5355973550748,10.5834359708399,"2008-10"
"107",2008,11,927652.54,6258.626,372036,5302.005,182545,7492.406,191882,353.052,7535,128.249,2808,1061.451,18389,1617.485,27927,709.67,69294,22922.944,22922944,872416,2471.07004094442,94.0455571867458,16.8226354438818,29.0449204305788,39.0469455186,46.8549435965494,45.6727207977208,57.7220621023438,57.9183227700791,10.2414350448812,"2008-11"
"108",2008,12,825579.72,6358.118,368324,5329.186,178534,7709.779,204278,274.416,7139,128.018,2753,883.307,16101,1844.094,29161,754.521,71573,23281.439,23281439,877863,2820.01100996037,106.33291718939,17.2622962391807,29.8496980967211,37.7416021304301,38.4389970584115,46.501271340356,54.8603813427737,63.238366311169,10.5419781202409,"2008-12"
"109",2009,1,821529.82,6217.56,365951,6128.625,222775,6576.115,177566,173.823,4692,99.318,1731,981.063,19134,1632.725,26440,497.761,49226,22306.99,22306990,867515,2715.29887983859,105.597505882379,16.9901434891557,27.5103804286836,37.0347645382562,37.0466751918159,57.3760831889081,51.2732831608655,61.7520801815431,10.1117498882704,"2009-01"
"110",2009,2,802989.51,7444.444,460046,6385.5,224363,5477.563,146045,145.377,3607,96.95,1733,919.998,17618,1579.732,26198,471.212,49861,22520.776,22520776,929471,2804.61646379415,115.751325319306,16.1819557174717,28.4605750502534,37.5059947276524,40.3041308566676,55.9434506635892,52.2192076285617,60.2997175356897,9.45051242454022,"2009-02"
"111",2009,3,913636.71,8471.932,523954,7186.3,263782,5392.534,148619,291.509,5799,82.237,1536,1253.004,25235,1664.608,27060,573.217,57503,24915.341,24915341,1053488,2727.05121491889,115.307100565169,16.1692285964035,27.2433297192379,36.2842839744582,50.2688394550785,53.5397135416667,49.6534178720032,61.5154471544715,9.96847121019773,"2009-03"
"112",2009,4,953594.73,9476.291,591336,7347.347,261297,5451.022,142191,213.162,4638,103.403,1915,1377.758,28004,1554.015,26339,887.845,80128,26410.843,26410843,1135848,2769.60874144093,119.112235446184,16.0252225469107,28.118757582368,38.3359143687013,45.9598965071151,53.9963446475196,49.1986144836452,59.0005315311895,11.080333965655,"2009-04"
"113",2009,5,995173.41,8364.266,559851,9052.684,315418,6186.721,157402,227.311,5111,96.341,1886,1521.029,30179,1375.556,25925,6713.34,96739,33537.248,33537248,1192511,3369.99036178026,119.829467710557,14.940164436609,28.7005941322309,39.3052248383121,44.4748581490902,51.0821845174973,50.4002452036184,53.0590549662488,69.3964171637085,"2009-05"
"114",2009,6,908096.56,10564.54,703510,11191.827,406807,5455.377,145016,190.165,4488,91.872,1877,1554.883,30669,1143.919,22340,2024.549,94926,32217.132,32217132,1409633,3547.76500860217,155.22941745314,15.0169009680033,27.5113923801704,37.6191385778121,42.37188057041,48.9461907298881,50.6988490006195,51.2049686660698,21.3276552261762,"2009-06"
"115",2009,7,992161.04,11100.293,767040,10572.787,373133,5697.772,152561,202.873,4413,107.815,2196,1782.667,34849,1177.952,23748,1378.72,122828,32020.879,32020879,1480768,3227.38725963277,149.246739218867,14.4715960054234,28.3351700332053,37.3475003441246,45.9716745977793,49.0960837887067,51.1540359838159,49.6021559710291,11.2248021623734,"2009-07"
"116",2009,8,1003948.86,10395.172,727625,8376.735,295242,6599.718,172297,227.976,4769,106.529,2339,1700.85,34318,1323.847,27732,1627.722,133954,30358.549,30358549,1398276,3023.91388740658,139.277612208255,14.2864415048961,28.3724368484159,38.3043117407732,47.8037324386664,45.544677212484,49.5614546302232,47.7371628443675,12.151350463592,"2009-08"
"117",2009,9,970960.72,7676.305,497427,8749.135,296526,6638.181,176913,243.599,5671,129.164,2549,1706.255,34891,1221.681,26939,1415.68,101540,27780,27780000,1142456,2861.08381397756,117.66243231755,15.4320231913426,29.505456519833,37.5222906174221,42.9552107212132,50.6724205570812,48.9024390243902,45.3499016296076,13.9420917864881,"2009-09"
"118",2009,10,868336.09,6737.277,408581,7420.035,256146,6646.333,183724,261.346,5991,116.449,2373,1414.757,27918,1402.655,29773,830.642,77352,24829.494,24829494,991858,2859.43360939887,114.225126816968,16.4894525198186,28.9679909114333,36.1756384576865,43.6231013186446,49.0724820901812,50.6754423669317,47.1116447788265,10.738468300755,"2009-10"
"119",2009,11,781801.25,7515.391,445987,6663.894,245217,7468.672,200816,194.467,4312,160.345,3883,1210.778,23421,1547.323,29947,793.893,73749,25554.763,25554763,1027332,3268.70326697482,131.405776084395,16.8511436432004,27.1754976204749,37.1916181977532,45.099025974026,41.2941024980685,51.6962554972034,51.6687147293552,10.7647968108042,"2009-11"
"120",2009,12,786902.69,8392.369,512751,8008.446,269959,7378.731,191784,158.571,3628,135.57,2598,1332.931,26530,1451.609,27842,857.289,75964,27715.516,27715516,1111056,3522.10207846665,141.193569944462,16.3673381426852,29.6654158594453,38.4741740708297,43.707552370452,52.1824480369515,50.2424048247267,52.137382371956,11.2854641672371,"2009-12"
"121",2010,1,815363.21,9213.639,577293,6792.718,241949,6482.914,169744,124.354,3079,169.578,3680,1500.185,31968,1592.161,28154,862.989,78815,26738.538,26738538,1134682,3279.34074925946,139.162766492739,15.9600740005508,28.0749992767071,38.1923013479121,40.387788242936,46.0809782608696,46.927708958959,56.5518576401222,10.949552750111,"2010-01"
"122",2010,2,780843.73,7841.671,524134,6497.901,237663,5641.583,147605,190.912,4551,131.18,2626,1136.758,23847,1427.111,24717,631.567,62390,23498.683,23498683,1027533,3009.39638716187,131.592655549658,14.9611950379102,27.3408187223085,38.2208123031063,41.9494616567787,49.95430312262,47.6688053004571,57.7380345511187,10.1228882833787,"2010-02"
"123",2010,3,815871.69,6151.927,452755,6263.417,226336,5577.259,147127,306.929,6311,127.688,2601,1252.673,25949,1746.091,29480,635.632,59803,22061.616,22061616,950362,2704.0546044685,116.484247663992,13.5877615929145,27.6730922168811,37.9077871498773,48.6339724290921,49.0918877354864,48.2744229064704,59.2296811397558,10.6287644432554,"2010-03"
"124",2010,4,885536.23,7136.877,491896,7564.982,268397,5256.194,138452,217.311,4917,122.499,2557,1534.83,30753,1159.61,21545,1915.085,73785,24907.388,24907388,1032302,2812.68988847582,116.573660684668,14.5089144859889,28.1857919425329,37.9640164100194,44.195851128737,47.9073132577239,49.9083016291094,53.8226966813646,25.9549366402385,"2010-04"
"125",2010,5,987450.32,11068.324,758709,9799.721,358902,4990.859,137409,284.54,6931,156.504,3091,1933.708,39671,965.667,18952,5229.787,150050,34429.11,34429110,1473715,3486.66756217163,149.244470344594,14.5883652362105,27.3047266384696,36.3211943904693,41.0532390708412,50.6321578777095,48.7436162436036,50.953303081469,34.8536287904032,"2010-05"
"126",2010,6,968943.37,12950.971,892267,10347.452,389884,4914.431,136245,264.862,6462,135.578,2965,1924.452,39349,908.421,18016,1718.809,159807,33164.976,33164976,1644995,3422.79817653327,169.772047668792,14.5146811436487,26.5398221009326,36.0705420382399,40.9876199319096,45.7261382799325,48.9072657500826,50.4230128774423,10.755530108193,"2010-06"
"127",2010,7,963597.65,12537.213,872532,9877.364,363440,5058.663,136326,234.355,4851,126.5,2480,1929.219,38836,843.716,18676,1553.116,160664,32160.146,32160146,1597805,3337.50772430796,165.816614434458,14.3687715751399,27.1774268104777,37.1071035605827,48.3106575963719,51.008064516129,49.6760479967041,45.1764831869779,9.666857541204,"2010-07"
"128",2010,8,1004029.21,10121.79,701557,8971.405,325217,5449.135,144497,176.827,3406,99.53,2064,1690.26,35361,975.819,19873,1389.925,130545,28874.691,28874691,1362520,2875.88156922247,135.705215189905,14.4276088756865,27.5859041809008,37.711059745185,51.9163241338814,48.2218992248062,47.8001187749215,49.1027524782368,10.6470948715002,"2010-08"
"129",2010,9,957875.43,7907.613,514421,7425.739,268794,5828.089,147993,203.737,4054,114.076,2412,1399.318,29491,1222.039,22914,1270.629,128354,25371.24,25371240,1118433,2648.69931991052,116.761842403662,15.3718705107295,27.6261337678668,39.3808423371376,50.2557967439566,47.2951907131012,47.4489844359296,53.3315440342149,9.89941100394222,"2010-09"
"130",2010,10,922492.51,7593.723,484821,7115.377,243789,7592.299,178930,215.349,4756,109.317,2266,1127.43,22491,1483.09,25883,1297.819,127208,26534.404,26534404,1090144,2876.38151121682,118.173750809099,15.6629415805008,29.1866203971467,42.4316716034203,45.2794365012616,48.2422771403354,50.1280512204882,57.2997720511533,10.2023379032765,"2010-10"
"131",2010,11,824418.12,7317.406,466332,6591.738,226720,6111.159,159861,169.556,3729,95.876,2164,1125.526,21740,1583.849,25001,889.407,82980,23884.517,23884517,988527,2897.13634629962,119.906025355192,15.6914086959505,29.0743560338744,38.2279542852853,45.4695628854921,44.3049907578558,51.7721251149954,63.3514259429623,10.7183297180043,"2010-11"
"132",2010,12,735450.92,8063.583,499591,6684.009,244313,5361.127,144197,178.771,4226,120.537,2481,1042.481,20420,1466.592,23556,710.598,71727,23627.698,23627698,1010511,3212.68181974672,137.400195243484,16.1403688216961,27.3583845313184,37.1791854199463,42.3026502602934,48.584038694075,51.051958863859,62.2598064187468,9.90698063490736,"2010-12"
"133",2011,1,813631.54,6729.804,441450,8546.488,313236,5658.112,162702,248.582,8664,99.302,2405,1153.02,23494,1360.429,23472,836.835,93078,24632.572,24632572,1068501,3027.48489813952,131.324923810107,15.2447706422018,27.2845011429082,34.7759216235818,28.6913665743306,41.2898128898129,49.0772112028603,57.9596540558964,8.99068523174112,"2011-01"
"134",2011,2,812152.05,7156.698,506484,7449.595,284150,5205.73,148153,315.384,10473,84.523,2304,1146.327,23914,1295.391,23073,852.077,91249,23505.725,23505725,1089800,2894.25175987674,134.186695705564,14.1301561352382,26.2171212387823,35.1375267459991,30.1140074477227,36.6853298611111,47.9353934933512,56.1431543362372,9.33793247049283,"2011-02"
"135",2011,3,968602.57,5755.929,452702,8434.896,308440,5958.447,166989,355.761,10878,93.186,2878,1390.727,30150,1432.468,24881,947.313,98004,24368.727,24368727,1094922,2515.86437562312,113.041409749718,12.7146091689456,27.3469588898976,35.6816736431741,32.7046332046332,32.3787352328006,46.1269320066335,57.5727663679113,9.66606465042243,"2011-03"
"136",2011,4,988353.27,5139.778,373907,9068.923,333422,6342.883,168450,295.759,7673,109.742,2953,1674.379,35825,1317.608,23485,1054.855,113427,25003.927,25003927,1059142,2529.85726449815,107.16229026085,13.7461400829618,27.1995339239762,37.6543959631938,38.5454190016942,37.16288520149,46.7377250523378,56.1042367468597,9.29985805848696,"2011-04"
"137",2011,5,1023953.72,7430.289,468462,9934.6,365299,6190.873,168149,293.158,7655,132.908,3301,1972.197,39640,1271.697,23547,4995.051,105369,32220.773,32220773,1181422,3146.70207946508,115.378456752909,15.8610282157357,27.1958039852285,36.8177806588205,38.2962769431744,40.2629506210239,49.7526992936428,54.0067524525417,47.4053184522962,"2011-05"
"138",2011,6,958281.59,6953.604,444600,9796.046,351364,5580.231,156113,305.245,7756,217.265,7431,1813.265,35688,1097.796,21327,1871.906,114146,27635.358,27635358,1138425,2883.8452380161,118.798588210382,15.6401349527665,27.8800503181885,35.7448194577005,39.3559824651882,29.2376530749563,50.808815288052,51.4744689829793,16.3992255532388,"2011-06"
"139",2011,7,956321.75,6449.619,431597,8615.359,299725,5707.818,163666,269.685,6241,110.484,2361,1702.593,32238,1024.686,21181,1380.91,119800,25261.154,25261154,1076809,2641.49110903313,112.599028517337,14.9436140658994,28.7442121945116,34.8747937873474,43.2118250280404,46.7954256670902,52.8132328308208,48.3776025683395,11.5267946577629,"2011-07"
"140",2011,8,1014377.72,6283.705,449467,7540.672,256911,6172.167,163585,294.396,7332,87.39,1940,1599.938,31502,1024.108,24416,1284.34,101800,24286.716,24286716,1036953,2394.24777586795,102.225529953477,13.9803478342125,29.3513006449704,37.7306415624904,40.152209492635,45.0463917525773,50.7884578756904,41.9441349934469,12.6163064833006,"2011-08"
"141",2011,9,991134.52,5651.305,355241,6658.567,226168,6721.816,170816,273.263,6592,98.142,1954,1382.465,27584,1209.287,23888,1059.998,92620,23054.843,23054843,904863,2326.10634931775,91.2956800253511,15.908369247919,29.4408006437692,39.351208317722,41.4537317961165,50.2262026612078,50.1183657192575,50.6231999330208,11.4445908011229,"2011-09"
"142",2011,10,1015349.14,6643.644,412424,7158.327,236356,7949.424,192825,334.233,9123,134.826,3411,1394.536,26572,1647.629,30851,1033.395,97335,26296.014,26296014,1008897,2589.84943839121,99.3645397680644,16.1087715554866,30.2862080928768,41.2261065733178,36.6363038474186,39.5268249780123,52.4814090019569,53.4060160124469,10.6168901217445,"2011-10"
"143",2011,11,888759.37,8144.929,500692,6372.457,211228,7968.119,199927,314.357,8562,104.096,2425,1296.208,24328,1615.254,29532,835.434,86749,26650.854,26650854,1063443,2998.65800570969,119.654772247296,16.2673439959097,30.1686187437272,39.8551421268763,36.715370240598,42.9261855670103,53.2804998355804,54.6950426655831,9.6304741265029,"2011-11"
"144",2011,12,977908.36,8295.648,486918,6422.193,241084,7997.349,205635,255.937,7470,94.241,2357,1485.055,28927,1737.923,29757,944.991,96512,27233.337,27233337,1098660,2784.8557302445,112.347950476668,17.0370534669082,26.6388188349289,38.8909913195711,34.2619812583668,39.9834535426389,51.3380233000311,58.4038377524616,9.79143526193634,"2011-12"
"145",2012,1,939409.49,7809.851,542630,5229.558,208588,6857.678,181100,319.401,8788,106.433,2192,1110.474,22477,1724.018,28073,1747.023,187843,24904.436,24904436,1181691,2651.0734951166,125.790830578047,14.3925897941507,25.0712313268261,37.8668028713418,36.3451297223487,48.555200729927,49.4049027895182,61.4119616713568,9.30044239071991,"2012-01"
"146",2012,2,955820.94,6894.821,467758,5802.084,224181,6006.208,157830,343.936,8798,126.985,2936,1145.586,23594,1616.165,27736,2281.429,264408,24217.214,24217214,1177241,2533.65593769059,123.165433056949,14.7401455453461,25.8812477417801,38.054919850472,39.0925210275063,43.2510217983651,48.5541239298127,58.2695774444765,8.62844165078212,"2012-02"
"147",2012,3,1165725.89,6573.542,510956,6263.283,243941,6552.972,169741,410.363,9474,118.036,2483,1416.561,29517,1832.992,31209,2704.095,283735,25871.844,25871844,1281056,2219.37628922353,109.893415852675,12.8651821291853,25.6754010190989,38.6057110538998,43.314650622757,47.5376560612163,47.9913609106617,58.7328014354834,9.53035402752568,"2012-03"
"148",2012,4,1135038.74,7430.969,526295,7084.891,270209,6716.464,165645,351.74,8222,136.431,2974,1516.021,31314,1655.646,30960,3318.905,350641,28211.067,28211067,1386260,2485.47172936141,122.133276261566,14.1193988162532,26.2200407832456,40.54733918923,42.7803454147409,45.8745796906523,48.4135211087692,53.4769379844961,9.46525078356496,"2012-04"
"149",2012,5,1112722.38,10478.989,717822,8126.085,296279,7443.241,192738,368.407,7930,117.183,2425,1455.483,27433,1416.344,26141,6252.697,300026,35658.429,35658429,1570794,3204.61146831611,141.166748169476,14.5983112805124,27.4271379341769,38.6184405773641,46.4573770491803,48.3228865979381,53.0559180548974,54.1809418155388,20.8405171551799,"2012-05"
"150",2012,6,985533.65,9775.3,657173,9646.436,371893,6957.432,182230,324.087,6818,96.917,2345,1497.837,30034,1312.227,24969,4287.512,228894,33897.748,33897748,1504356,3439.53227776647,152.64379861611,14.8747742223128,25.93874044416,38.1793996597706,47.5340275740686,41.32921108742,49.8713791036825,52.5542472666106,18.7314302690328,"2012-06"
"151",2012,7,951335.57,9092.895,597546,10255.08,413226,6658.999,177756,244.658,4797,108.509,3480,1525.26,31567,916.63,18878,2808.749,199671,31610.78,31610780,1446921,3322.77915352203,152.093650823967,15.217062786798,24.8171218655167,37.4614584036544,51.0022930998541,31.1807471264368,48.3181803782431,48.5554613836211,14.0668850258676,"2012-07"
"152",2012,8,919796.5,8161.889,548396,9044.084,360976,6439.991,161632,247.348,4290,118.874,2643,1480.356,30160,1108.642,21883,2099.858,222021,28701.042,28701042,1352001,3120.36869024833,146.989143794307,14.8832030138805,25.0545299410487,39.8435396456147,57.6568764568765,44.9769201664775,49.0834217506631,50.6622492345656,9.45792515122443,"2012-08"
"153",2012,9,938767.37,7421.235,482865,7704.207,295041,6532.732,160721,217.575,4024,112.056,2341,1397.048,27871,1238.197,24127,2694.293,312581,27317.343,27317343,1309571,2909.91611691829,139.498990042656,15.3691715075642,26.1123267613654,40.6464121054498,54.0693339960239,47.8667236223836,50.1255067991819,51.3199734737017,8.61950342471232,"2012-09"
"154",2012,10,976809.56,7021.448,412707,6293.077,223183,7417.296,179506,283.433,6508,135.987,3256,1242.527,24994,1455.254,25507,2209.173,262068,26058.195,26058195,1137729,2667.68427204992,116.473982912288,17.0131546108983,28.1969370426959,41.3206020968658,43.5514751075599,41.7650491400491,49.7130111226694,57.0531226722076,8.42977013599524,"2012-10"
"155",2012,11,922121.94,9095.14,565417,6072.416,212371,8058.392,197523,254.567,5726,107.629,2490,1238.124,24966,1700.987,27778,1911.499,223564,28438.754,28438754,1259835,3084.05567272372,136.623470861131,16.0857208042913,28.5934331900307,40.7972337398683,44.4580859238561,43.2244979919679,49.5924056717135,61.235042119663,8.55011987618758,"2012-11"
"156",2012,12,970000.67,9145.729,561042,5854.472,217194,7383.775,177263,182.781,4224,117.694,2770,1394.096,27951,1554.195,25126,1633.277,178940,27266.019,27266019,1194510,2810.92785224571,123.145275765634,16.3013268168871,26.9550355903018,41.6543497514992,43.2720170454545,42.4888086642599,49.8764266036993,61.8560455305261,9.12751201520063,"2012-12"
"157",2013,1,822287.52,7248.209,508210,6203.738,249895,6507.577,172821,152.296,5072,160.01,3847,1600.755,34626,1582.361,29483,2762.022,321591,26216.968,26216968,1325545,3188.29695968145,161.202130369193,14.2622321481277,24.8253786590368,37.6550129903195,30.0268138801262,41.593449441123,46.2298561774389,53.6702845707696,8.58861721876545,"2013-01"
"158",2013,2,821623.72,7215.976,529566,5451.572,229316,5116.704,133789,279.277,7119,116.966,2853,1496.585,33143,1258.354,23669,2160.58,258405,23096.014,23096014,1217860,2811.02084053756,148.226003017537,13.6262071205478,23.7731863454796,38.2445791507523,39.2298075572412,40.9975464423414,45.1553872612618,53.1646457391525,8.36121592074457,"2013-02"
"159",2013,3,930007.65,6811.255,471259,6380.557,277924,4930.995,139976,405.537,9701,115.519,3056,1620.542,38076,1373.629,25977,2847.914,353452,24485.948,24485948,1319421,2632.87597688041,141.872058794355,14.4533154804471,22.9579201508326,35.2274318454592,41.8036284919081,37.800719895288,42.5607206639353,52.8786618932132,8.05742788271109,"2013-03"
"160",2013,4,878478.18,6582.781,463754,6588.999,289287,4674.445,119503,284.385,7031,146.522,3467,1608.578,37585,1400.013,26714,4042.171,432737,25327.894,25327894,1380078,2883.1557318817,157.098722702481,14.1945535779745,22.7766854369536,39.1157125762533,40.4473047930593,42.2618978944332,42.7984036184648,52.4074642509546,9.34094149564285,"2013-04"
"161",2013,5,1043958.94,9819.64,668255,7302.37,307230,5551.618,143884,407.918,10836,158.645,3362,1892.346,43566,1401.196,26664,4570.456,282666,31104.189,31104189,1486463,2979.44562838841,142.387113424212,14.6944504717511,23.7684145428506,38.5839843207028,37.6447028423773,47.1876859012493,43.4363035394574,52.550105010501,16.1691041724155,"2013-05"
"162",2013,6,831488.22,10460.799,724913,7148.633,301206,4676.313,119027,371.277,9282,148.209,3262,1530.968,33037,1090.903,22056,9008.369,201384,34435.471,34435471,1414167,4141.42620084263,170.07661275105,14.4304199262532,23.7333685251954,39.2878338528233,39.9996767937944,45.4350091968118,46.3410115930623,49.4606002901705,44.7322975012911,"2013-06"
"163",2013,7,855499.37,10772.909,746172,7630.888,308349,4627.634,136394,139.73,2711,133.084,2972,1630.222,36343,1026.786,22808,4459.711,222012,30420.964,30420964,1477761,3555.93061395241,172.736655551248,14.4375680138091,24.7475685019248,33.9284279367128,51.5418664699373,44.7792732166891,44.8565610984234,45.0186776569625,20.0877024665333,"2013-07"
"164",2013,8,853244.43,8427.379,570611,6462.607,268076,5632.089,154821,173.199,3047,116.627,2587,1523.177,32961,1188.338,25802,2280.633,187049,25804.049,25804049,1244954,3024.22706703166,145.908248120647,14.7690440597885,24.107368805861,36.3780688666266,56.8424680013128,45.0819482025512,46.2114923697703,46.0560421672739,12.1927035161909,"2013-08"
"165",2013,9,786135.26,5949.033,380439,5764.251,223358,5029.377,139690,184.796,3564,108.634,2535,1334.291,28656,1329.109,27627,1672.018,161392,21371.509,21371509,967261,2718.55367484725,123.040022400216,15.6372848209568,25.8072287538391,36.0038442265015,51.8507295173962,42.8536489151874,46.562360413177,48.1090599775582,10.3599806681868,"2013-09"
"166",2013,10,729844,7287.569,444159,5435.655,211986,6442.515,173938,204.206,4878,116.638,2861,1368.523,28363,1452.394,29187,1449.772,139641,23757.272,23757272,1035013,3255.11643584108,141.812907963894,16.4075680105548,25.6415753870539,37.03914613253,41.8626486264863,40.768262845159,48.2502908719106,49.7616747181965,10.382137051439,"2013-10"
"167",2013,11,625237.27,6194.278,385499,5834.921,244075,6611.484,181276,229.13,5846,116.632,2558,1164.874,23826,1628.274,26219,1342.493,135134,23122.086,23122086,1004433,3698.12983157578,160.64829276732,16.0682076996309,23.9062624193383,36.4719212692248,39.1943209031817,45.5949960906959,48.8908755141442,62.1028261947443,9.93453165006586,"2013-11"
"168",2013,12,667786.31,7178.314,457054,5819.077,229050,5700.877,159762,172.31,5306,112.573,2640,1151.74,24098,1408.194,24836,1456.633,144137,22999.718,22999718,1046883,3444.17333143592,156.769161679879,15.7056146538483,25.4052695917922,35.6835605463126,32.474557105164,42.6412878787879,47.7940078014773,56.6997100982445,10.1058923107877,"2013-12"
"169",2014,1,817293.58,6417.336,466352,6778.252,269996,5487.214,168878,251.782,8333,111.638,2286,1244.435,25706,1312.004,22287,1338.472,129621,22941.133,22941133,1093459,2806.9635638151,133.790234838257,13.7607129378667,25.1050089630957,32.4921777851467,30.2150486019441,48.83552055993,48.4102933167354,58.8685780948535,10.3260428479953,"2014-01"
"170",2014,2,736790.7,5104.45,391920,6248.374,249208,5219.919,165636,247.877,8340,95.878,2093,1284.612,27079,1308.833,22332,1379.787,151396,20889.73,20889730,1018004,2835.23258369032,138.167324859014,13.0242141253317,25.07292703284,31.5143990436862,29.7214628297362,45.8088867654085,47.4394179991876,58.6079616693534,9.11376126185632,"2014-02"
"171",2014,3,886048.06,4842.639,380593,7332.153,296224,5384.038,159995,258.842,6357,127.024,2696,1795.635,40967,1383.341,23376,2767.864,376903,23891.536,23891536,1287111,2696.41536148728,145.264242212776,12.7239308132309,24.7520558766339,33.6512891027845,40.7176341041372,47.1157270029674,43.8312544242927,59.1778319644079,7.34370381769315,"2014-03"
"172",2014,4,918667.11,5088.308,387871,8194.786,353048,5736.029,178657,188.034,5169,164.242,3191,1735.738,40290,1448.772,24495,7100.032,609202,29655.941,29655941,1601923,3228.14876870905,174.374698142834,13.1185574585365,23.2115349754141,32.10637702413,36.3772489843297,51.4703854591037,43.0811119384463,59.1456215554195,11.6546432874482,"2014-04"
"173",2014,5,966465.05,8624.844,636664,11032.558,496321,6457.197,196215,343.786,9960,162.823,3474,1916.093,42243,1168.941,21638,10441.415,572574,40147.657,40147657,1979089,4154.0723071155,204.77605475749,13.5469321337472,22.2286745876157,32.9087837321306,34.5166666666667,46.8690270581462,45.3588286816751,54.0225991311581,18.2359223436621,"2014-05"
"174",2014,6,870231.07,10103.796,742376,11520.597,549612,5906.959,187883,271.843,7149,129.396,2879,1822.735,39708,1022.02,20977,5787.979,222955,36565.325,36565325,1773539,4201.79493246547,203.800928413186,13.6100789896225,20.9613272635969,31.439560790492,38.0253182263254,44.9447724904481,45.9034703334341,48.720980121085,25.9603014061133,"2014-06"
"175",2014,7,905088.99,10216.405,743001,11385.337,518752,6367.186,202812,212.612,5281,127.777,2668,1769.691,38875,989.339,21190,4156.701,194722,35225.048,35225048,1727301,3891.88780210441,190.84322305147,13.7501901074157,21.9475529732897,31.3945230065282,40.2597992804393,47.8924287856072,45.5225980707395,46.6889570552147,21.346848327359,"2014-07"
"176",2014,8,851694.31,8162.898,573585,8324.795,356029,6283.729,184995,278.923,6149,126.483,2623,1710.879,37500,1181.843,24642,1837.002,171453,27906.552,27906552,1356976,3276.5925135745,159.326648548351,14.231365882999,23.3823508759118,33.96702073029,45.3607090583835,48.2207396111323,45.62344,47.9605145686227,10.7143182096551,"2014-08"
"177",2014,9,757635.63,5535.107,381850,6432.807,274815,6045.704,170120,384.148,8509,113.577,2491,1172.706,24424,1119.118,22217,1299.437,141458,22102.604,22102604,1025884,2917.31316807263,135.405986648226,14.4955008511195,23.407772501501,35.5378791441336,45.1460806205194,45.5949417904456,48.0144939403865,50.3721474546518,9.18602694792801,"2014-09"
"178",2014,10,781808.98,5340.653,345641,6456.275,271880,6878.026,191361,387.373,9865,140.5,3038,1163.895,24886,1408.722,26775,1238.836,117641,23014.28,23014280,991087,2943.72162366311,126.768433895451,15.4514452857155,23.7467816683831,35.9426737945558,39.267410035479,46.2475312705727,46.7690669452704,52.6133333333333,10.5306483283889,"2014-10"
"179",2014,11,868388.12,6568.023,424183,7198.943,299255,7714.527,224563,271.462,6932,138.76,3015,1377.251,29176,1873.639,31947,1189.365,123167,26331.97,26331970,1142238,3032.28123387962,131.535424505807,15.4839373572255,24.0562162704048,34.3535088148983,39.1607039815349,46.0232172470978,47.2049287085276,58.6483550881147,9.65652325704125,"2014-11"
"180",2014,12,795362.08,7195.162,457091,7273.719,347175,7448.878,220734,212.642,5898,143.139,3322,1063.251,22517,1692.039,29731,1136.598,114112,26165.428,26165428,1200580,3289.75049954607,150.947603637327,15.7412025176606,20.9511600777706,33.7459476111519,36.0532383858935,43.0881998795906,47.2199227250522,56.9116074131378,9.96037226584408,"2014-12"
"181",2015,1,803347.72,7684.934,559787,7596.71,335476,7939.75,247121,273.871,7321,181.897,3855,1125.506,23720,2185.751,36996,1581.722,156626,28570.141,28570141,1370902,3556.38539684908,170.648645147085,13.7283180924173,22.6445706995433,32.1289975356202,37.4089605245185,47.1846952010376,47.4496627318718,59.0807384582117,10.098719242016,"2015-01"
"182",2015,2,797784.78,8737.424,665433,6575.868,308584,5298.894,161905,269.872,6992,123.856,2971,1057.08,22974,1448.312,23004,1435.331,147145,24946.637,24946637,1339008,3126.9883338712,167.840755247299,13.1304338678725,21.3098151556788,32.7284148111547,38.5972540045767,41.6883204308314,46.0120135805693,62.9591375412972,9.75453464269938,"2015-02"
"183",2015,3,909300.99,6559.639,498627,7545.946,367105,5697.964,177540,323.785,8096,116.147,2664,1350.27,30488,1507.57,23724,3113.437,422027,26214.758,26214758,1530271,2882.95716031278,168.29091981963,13.1554027359128,20.5552798245734,32.0939731891405,39.9932065217391,43.5987237237237,44.2885725531357,63.5461979430113,7.37734078625301,"2015-03"
"184",2015,4,1067198.98,4446.161,327935,7606.717,354532,5123.704,164333,281.681,7102,128.389,2861,1636.639,39363,1308.717,23175,5916.446,624180,26448.454,26448454,1543481,2478.30577949016,144.629167467907,13.5580557122601,21.4556570351901,31.1787894093091,39.6622078287806,44.8755679832227,41.5781063435206,56.471067961165,9.47874971963216,"2015-04"
"185",2015,5,1002272.31,8780.819,639099,9979.023,459130,5416.115,177543,497.707,13463,103.082,2297,1614.967,36480,1225.534,22760,13136.432,439036,40753.679,40753679,1789808,4066.12839578497,178.575022191324,13.7393721473512,21.7346350706772,30.50593377379,36.9685062764614,44.8767958206356,44.2699287280702,53.8459578207381,29.9210816425077,"2015-05"
"186",2015,6,951260.41,10107.658,692649,12518.197,618833,5839.2,192588,455.239,11759,135.212,2830,1654.666,35812,1189.149,23851,3067.966,215904,34967.287,34967287,1794226,3675.89007514777,188.615649420331,14.5927562156301,20.2287159863808,30.3196460838682,38.7140913342971,47.7780918727915,46.2042332179158,49.8574063980546,14.2098617904254,"2015-06"
"187",2015,7,989023.95,9050.286,642745,10970.737,496734,4667.407,143543,252.094,5409,129.964,2731,1415.833,29836,1051.92,21894,2090.64,132558,29628.881,29628881,1475450,2995.76981932541,149.182433853093,14.0806789628857,22.085738040883,32.5157409278056,46.6063967461638,47.5884291468327,47.4538477007642,48.0460400109619,15.771511338433,"2015-07"
"188",2015,8,870135.95,7619.839,550737,9357.122,398158,5668.071,176662,224.354,4397,120.48,2486,1236.192,25421,1108.418,22586,1353.62,114936,26688.096,26688096,1295383,3067.11796013025,148.871334416191,13.8357128720242,23.501027230396,32.08426826369,51.0243347737093,48.4633950120676,48.6287714881397,49.0754449659081,11.7771629428552,"2015-08"
"189",2015,9,861054.38,5770.275,373770,9044.873,394522,5825.837,175430,201.601,4151,109.608,2347,1172.705,24614,1375.641,25640,1101.062,105472,24601.602,24601602,1105946,2857.14846488557,128.440900561937,15.4380367605747,22.9261562092862,33.2088981360087,48.5668513611178,46.7013208351086,47.6438205899082,53.6521450858034,10.4393772754854,"2015-09"
"190",2015,10,903681.75,4732.423,291972,7897.055,339943,7029.768,197094,265.194,6139,88.426,1951,1136.631,22119,1515.075,26479,1244.93,117629,23909.502,23909502,1003326,2645.78785617835,111.026475858343,16.2084823202225,23.2305268824479,35.6670827118025,43.1982407558234,45.3234238851871,51.3870880238709,57.2179840628423,10.5835295717893,"2015-10"
"191",2015,11,837122.96,5926.299,355166,7497.703,293934,6599.385,184601,290.477,6573,125.99,2720,1226.87,23049,1542.551,23847,1161.133,115999,24370.408,24370408,1005889,2911.21008077475,120.16024503736,16.6859975335477,25.5081174685474,35.7494542283086,44.1924539783965,46.3198529411765,53.2287734825806,64.6853272948379,10.0098535332201,"2015-11"
"192",2015,12,840202.96,7079.957,428855,8222.004,345808,7473.942,235903,263.768,6665,112.375,2527,1431.75,27331,1546.206,26016,1449.195,141415,27579.197,27579197,1214520,3282.4446369482,144.55078806197,16.5089762273962,23.7762110766668,31.682267711729,39.5750937734434,44.4697269489513,52.3855694998353,59.4328874538745,10.2478167096843,"2015-12"
